akimitsuuu,7c781010-5d05-3faf-b557-88cb0a6d29bf
allahbanque,749d10bf-b2bf-33c2-ba01-f9e0a8b86bc2
antony11_09,871f7012-1da8-3916-926e-2fefdac99efc
clemdujdp,b9bf9732-348f-303a-a872-58b03f26dae3
drizox,3f2fa598-50d8-34ef-b0c8-6386a7409c5f
isaorya,4339a65c-7d3d-3b98-9cf0-83e88892032e
labaleinecp,4d1866ea-97d3-3916-8a19-b8e28e12d53d
loulediable,792a5bc9-42bc-3c82-8ca5-aba79188a176
marijuana29,b26cb5f4-cdf6-38e4-8476-b880290e9e2b
msmogr,618f3f9c-1bd3-3b03-b23d-5b5f9089ee99
nutellasson,5c8a3306-4c16-306c-966c-d66e525e011b
snowice,6b7915bd-be43-3d4d-8677-817f0d4c9539
yaya,42342f58-0d46-3a4e-97b1-b3f1984fcf85
